item,true,false,accuracy,precision,recall,f0,accuracy_sum
0,93.0,7.0,0.93,0.93,1.0,0.93,0.93

1,92.0,8.0,0.92,0.92,1.0,0.92,0.925

2,90.0,10.0,0.9,0.9,1.0,0.9,0.9166666666666666

3,89.0,11.0,0.89,0.89,1.0,0.89,0.91

4,81.0,19.0,0.81,0.81,1.0,0.81,0.89

5,90.0,10.0,0.9,0.9,1.0,0.9,0.8916666666666667

6,93.0,7.0,0.93,0.93,1.0,0.93,0.8971428571428571

7,85.0,15.0,0.85,0.85,1.0,0.85,0.89125

8,66.0,34.0,0.66,0.66,1.0,0.66,0.8655555555555555

9,79.0,21.0,0.79,0.79,1.0,0.79,0.858

10,64.0,36.0,0.64,0.64,1.0,0.64,0.8381818181818181

11,74.0,26.0,0.74,0.74,1.0,0.74,0.83

12,66.0,34.0,0.66,0.66,1.0,0.66,0.816923076923077

13,68.0,32.0,0.68,0.68,1.0,0.68,0.8071428571428572

14,76.0,24.0,0.76,0.76,1.0,0.76,0.804

15,36.0,64.0,0.36,0.36,1.0,0.36,0.77625

16,41.0,59.0,0.41,0.41,1.0,0.41,0.7547058823529412

17,38.0,62.0,0.38,0.38,1.0,0.38,0.7338888888888889

18,50.0,50.0,0.5,0.5,1.0,0.5,0.7215789473684211

19,46.0,54.0,0.46,0.46,1.0,0.46,0.7085

20,33.0,67.0,0.33,0.33,1.0,0.33,0.6904761904761905

21,46.0,54.0,0.46,0.46,1.0,0.46,0.68

22,55.0,45.0,0.55,0.55,1.0,0.55,0.6743478260869565

23,49.0,51.0,0.49,0.49,1.0,0.49,0.6666666666666666

24,49.0,51.0,0.49,0.49,1.0,0.49,0.6596

25,53.0,47.0,0.53,0.53,1.0,0.53,0.6546153846153846

26,47.0,53.0,0.47,0.47,1.0,0.47,0.6477777777777778

27,43.0,57.0,0.43,0.43,1.0,0.42999999999999994,0.64

28,44.0,56.0,0.44,0.44,1.0,0.44,0.6331034482758621

29,45.0,55.0,0.45,0.45,1.0,0.45,0.627

30,57.0,43.0,0.57,0.57,1.0,0.57,0.6251612903225806

31,64.0,36.0,0.64,0.64,1.0,0.64,0.625625

32,68.0,32.0,0.68,0.68,1.0,0.68,0.6272727272727273

33,70.0,30.0,0.7,0.7,1.0,0.7,0.6294117647058823

34,59.0,41.0,0.59,0.59,1.0,0.59,0.6282857142857143

35,66.0,34.0,0.66,0.66,1.0,0.66,0.6291666666666667

36,64.0,36.0,0.64,0.64,1.0,0.64,0.6294594594594595

37,82.0,18.0,0.82,0.82,1.0,0.82,0.6344736842105263

38,91.0,9.0,0.91,0.91,1.0,0.91,0.6415384615384615

39,93.0,7.0,0.93,0.93,1.0,0.93,0.64875

40,95.0,5.0,0.95,0.95,1.0,0.9500000000000001,0.6560975609756098

41,92.0,8.0,0.92,0.92,1.0,0.92,0.6623809523809524

42,94.0,6.0,0.94,0.94,1.0,0.94,0.6688372093023256

43,92.0,8.0,0.92,0.92,1.0,0.92,0.6745454545454546

44,92.0,8.0,0.92,0.92,1.0,0.92,0.68

45,42.0,58.0,0.42,0.42,1.0,0.41999999999999993,0.6743478260869565

46,41.0,59.0,0.41,0.41,1.0,0.41,0.6687234042553192

47,44.0,56.0,0.44,0.44,1.0,0.44,0.6639583333333333

48,36.0,64.0,0.36,0.36,1.0,0.36,0.6577551020408163

49,47.0,53.0,0.47,0.47,1.0,0.47,0.654

50,44.0,56.0,0.44,0.44,1.0,0.44,0.6498039215686274

51,46.0,54.0,0.46,0.46,1.0,0.46,0.6461538461538462

52,62.0,38.0,0.62,0.62,1.0,0.62,0.6456603773584906

53,87.0,13.0,0.87,0.87,1.0,0.87,0.6498148148148148

54,90.0,10.0,0.9,0.9,1.0,0.9,0.6543636363636364

55,81.0,19.0,0.81,0.81,1.0,0.81,0.6571428571428571

56,89.0,11.0,0.89,0.89,1.0,0.89,0.6612280701754386

57,90.0,10.0,0.9,0.9,1.0,0.9,0.6653448275862069

58,84.0,16.0,0.84,0.84,1.0,0.8399999999999999,0.6683050847457627

59,89.0,11.0,0.89,0.89,1.0,0.89,0.672

60,94.0,6.0,0.94,0.94,1.0,0.94,0.6763934426229509

61,86.0,14.0,0.86,0.86,1.0,0.8599999999999999,0.6793548387096774

62,95.0,5.0,0.95,0.95,1.0,0.9500000000000001,0.6836507936507936

63,88.0,12.0,0.88,0.88,1.0,0.88,0.68671875

64,90.0,10.0,0.9,0.9,1.0,0.9,0.69

65,88.0,12.0,0.88,0.88,1.0,0.88,0.6928787878787879

66,92.0,8.0,0.92,0.92,1.0,0.92,0.6962686567164179

67,79.0,21.0,0.79,0.79,1.0,0.79,0.6976470588235294

68,60.0,40.0,0.6,0.6,1.0,0.6,0.696231884057971

69,62.0,38.0,0.62,0.62,1.0,0.62,0.6951428571428572

70,56.0,44.0,0.56,0.56,1.0,0.56,0.6932394366197183

71,73.0,27.0,0.73,0.73,1.0,0.7299999999999999,0.69375

72,65.0,35.0,0.65,0.65,1.0,0.65,0.6931506849315069

73,61.0,39.0,0.61,0.61,1.0,0.61,0.692027027027027

74,66.0,34.0,0.66,0.66,1.0,0.66,0.6916

75,88.0,12.0,0.88,0.88,1.0,0.88,0.694078947368421

76,92.0,8.0,0.92,0.92,1.0,0.92,0.697012987012987

77,90.0,10.0,0.9,0.9,1.0,0.9,0.6996153846153846

78,91.0,9.0,0.91,0.91,1.0,0.91,0.7022784810126582

79,86.0,14.0,0.86,0.86,1.0,0.8599999999999999,0.70425

80,85.0,15.0,0.85,0.85,1.0,0.85,0.7060493827160493

81,88.0,12.0,0.88,0.88,1.0,0.88,0.708170731707317

82,88.0,12.0,0.88,0.88,1.0,0.88,0.7102409638554217

83,91.0,9.0,0.91,0.91,1.0,0.91,0.7126190476190476

84,93.0,7.0,0.93,0.93,1.0,0.93,0.7151764705882353

85,90.0,10.0,0.9,0.9,1.0,0.9,0.7173255813953489

86,83.0,17.0,0.83,0.83,1.0,0.83,0.7186206896551725

87,86.0,14.0,0.86,0.86,1.0,0.8599999999999999,0.7202272727272727

88,89.0,11.0,0.89,0.89,1.0,0.89,0.7221348314606741

89,91.0,9.0,0.91,0.91,1.0,0.91,0.7242222222222222

90,69.0,31.0,0.69,0.69,1.0,0.69,0.7238461538461538

91,69.0,31.0,0.69,0.69,1.0,0.69,0.7234782608695652

92,79.0,21.0,0.79,0.79,1.0,0.79,0.7241935483870968

93,75.0,25.0,0.75,0.75,1.0,0.75,0.7244680851063829

94,70.0,30.0,0.7,0.7,1.0,0.7,0.7242105263157895

95,74.0,26.0,0.74,0.74,1.0,0.74,0.724375

96,69.0,31.0,0.69,0.69,1.0,0.69,0.7240206185567011

97,75.0,25.0,0.75,0.75,1.0,0.75,0.7242857142857143

98,73.0,27.0,0.73,0.73,1.0,0.7299999999999999,0.7243434343434343

99,71.0,29.0,0.71,0.71,1.0,0.7100000000000001,0.7242

100,72.0,28.0,0.72,0.72,1.0,0.72,0.7241584158415841

101,77.0,23.0,0.77,0.77,1.0,0.7699999999999999,0.7246078431372549

102,81.0,19.0,0.81,0.81,1.0,0.81,0.7254368932038835

103,72.0,28.0,0.72,0.72,1.0,0.72,0.7253846153846154

104,72.0,28.0,0.72,0.72,1.0,0.72,0.7253333333333334

105,87.0,13.0,0.87,0.87,1.0,0.87,0.7266981132075472

106,82.0,18.0,0.82,0.82,1.0,0.82,0.7275700934579439

107,87.0,13.0,0.87,0.87,1.0,0.87,0.7288888888888889

108,87.0,13.0,0.87,0.87,1.0,0.87,0.7301834862385321

109,85.0,15.0,0.85,0.85,1.0,0.85,0.7312727272727273

110,88.0,12.0,0.88,0.88,1.0,0.88,0.7326126126126126

111,80.0,20.0,0.8,0.8,1.0,0.8000000000000002,0.7332142857142857

112,68.0,32.0,0.68,0.68,1.0,0.68,0.7327433628318584

113,53.0,47.0,0.53,0.53,1.0,0.53,0.7309649122807017

114,58.0,42.0,0.58,0.58,1.0,0.58,0.7296521739130435

115,58.0,42.0,0.58,0.58,1.0,0.58,0.7283620689655173

116,57.0,43.0,0.57,0.57,1.0,0.57,0.727008547008547

117,56.0,44.0,0.56,0.56,1.0,0.56,0.7255932203389831

118,49.0,51.0,0.49,0.49,1.0,0.49,0.7236134453781513

119,53.0,47.0,0.53,0.53,1.0,0.53,0.722

120,82.0,18.0,0.82,0.82,1.0,0.82,0.7228099173553719

121,86.0,14.0,0.86,0.86,1.0,0.8599999999999999,0.7239344262295082

122,77.0,23.0,0.77,0.77,1.0,0.7699999999999999,0.724308943089431

123,82.0,18.0,0.82,0.82,1.0,0.82,0.7250806451612903

124,82.0,18.0,0.82,0.82,1.0,0.82,0.72584

125,80.0,20.0,0.8,0.8,1.0,0.8000000000000002,0.7264285714285714

126,82.0,18.0,0.82,0.82,1.0,0.82,0.7271653543307086

127,82.0,18.0,0.82,0.82,1.0,0.82,0.727890625

128,85.0,15.0,0.85,0.85,1.0,0.85,0.7288372093023255

129,83.0,17.0,0.83,0.83,1.0,0.83,0.7296153846153847

130,83.0,17.0,0.83,0.83,1.0,0.83,0.730381679389313

131,84.0,16.0,0.84,0.84,1.0,0.8399999999999999,0.7312121212121212

132,76.0,24.0,0.76,0.76,1.0,0.76,0.7314285714285714

133,79.0,21.0,0.79,0.79,1.0,0.79,0.7318656716417911

134,78.0,22.0,0.78,0.78,1.0,0.78,0.7322222222222222

135,55.0,45.0,0.55,0.55,1.0,0.55,0.7308823529411764

136,74.0,26.0,0.74,0.74,1.0,0.74,0.7309489051094891

137,75.0,25.0,0.75,0.75,1.0,0.75,0.7310869565217392

138,66.0,34.0,0.66,0.66,1.0,0.66,0.7305755395683453

139,61.0,39.0,0.61,0.61,1.0,0.61,0.7297142857142858

140,66.0,34.0,0.66,0.66,1.0,0.66,0.7292198581560284

141,69.0,31.0,0.69,0.69,1.0,0.69,0.728943661971831

142,67.0,33.0,0.67,0.67,1.0,0.67,0.7285314685314686

143,63.0,37.0,0.63,0.63,1.0,0.63,0.7278472222222222

144,54.0,46.0,0.54,0.54,1.0,0.54,0.726551724137931

145,54.0,46.0,0.54,0.54,1.0,0.54,0.7252739726027397

146,64.0,36.0,0.64,0.64,1.0,0.64,0.7246938775510204

147,69.0,31.0,0.69,0.69,1.0,0.69,0.7244594594594594

148,61.0,39.0,0.61,0.61,1.0,0.61,0.7236912751677852

149,61.0,39.0,0.61,0.61,1.0,0.61,0.7229333333333333

150,78.0,22.0,0.78,0.78,1.0,0.78,0.7233112582781457

151,79.0,21.0,0.79,0.79,1.0,0.79,0.72375

152,75.0,25.0,0.75,0.75,1.0,0.75,0.7239215686274509

153,76.0,24.0,0.76,0.76,1.0,0.76,0.7241558441558441

154,73.0,27.0,0.73,0.73,1.0,0.7299999999999999,0.7241935483870968

155,73.0,27.0,0.73,0.73,1.0,0.7299999999999999,0.7242307692307692

156,79.0,21.0,0.79,0.79,1.0,0.79,0.7246496815286624

157,75.0,25.0,0.75,0.75,1.0,0.75,0.7248101265822785

158,72.0,28.0,0.72,0.72,1.0,0.72,0.7247798742138365

159,69.0,31.0,0.69,0.69,1.0,0.69,0.7245625

160,65.0,35.0,0.65,0.65,1.0,0.65,0.7240993788819876

161,71.0,29.0,0.71,0.71,1.0,0.7100000000000001,0.7240123456790123

162,72.0,28.0,0.72,0.72,1.0,0.72,0.7239877300613496

163,66.0,34.0,0.66,0.66,1.0,0.66,0.7235975609756098

164,74.0,26.0,0.74,0.74,1.0,0.74,0.7236969696969697

165,45.0,55.0,0.45,0.45,1.0,0.45,0.7220481927710843

166,43.0,57.0,0.43,0.43,1.0,0.42999999999999994,0.7202994011976048

167,48.0,52.0,0.48,0.48,1.0,0.48,0.7188690476190476

168,54.0,46.0,0.54,0.54,1.0,0.54,0.717810650887574

169,51.0,49.0,0.51,0.51,1.0,0.51,0.7165882352941176

170,50.0,50.0,0.5,0.5,1.0,0.5,0.7153216374269006

171,57.0,43.0,0.57,0.57,1.0,0.57,0.7144767441860466

172,67.0,33.0,0.67,0.67,1.0,0.67,0.7142196531791908

173,78.0,22.0,0.78,0.78,1.0,0.78,0.7145977011494253

174,75.0,25.0,0.75,0.75,1.0,0.75,0.7148

175,82.0,18.0,0.82,0.82,1.0,0.82,0.7153977272727273

176,76.0,24.0,0.76,0.76,1.0,0.76,0.7156497175141243

177,77.0,23.0,0.77,0.77,1.0,0.7699999999999999,0.7159550561797753

178,79.0,21.0,0.79,0.79,1.0,0.79,0.7163687150837988

179,79.0,21.0,0.79,0.79,1.0,0.79,0.7167777777777777

180,11.0,89.0,0.11,0.11,1.0,0.11,0.7134254143646409

181,10.0,90.0,0.1,0.1,1.0,0.10000000000000002,0.710054945054945

182,17.0,83.0,0.17,0.17,1.0,0.17,0.7071038251366121

183,12.0,88.0,0.12,0.12,1.0,0.12,0.7039130434782609

184,13.0,87.0,0.13,0.13,1.0,0.13,0.7008108108108108

185,16.0,84.0,0.16,0.16,1.0,0.16,0.6979032258064516

186,16.0,84.0,0.16,0.16,1.0,0.16,0.6950267379679145

187,31.0,69.0,0.31,0.31,1.0,0.31,0.6929787234042554

188,48.0,52.0,0.48,0.48,1.0,0.48,0.6918518518518518

189,59.0,41.0,0.59,0.59,1.0,0.59,0.6913157894736842

190,56.0,44.0,0.56,0.56,1.0,0.56,0.6906282722513089

191,60.0,40.0,0.6,0.6,1.0,0.6,0.69015625

192,63.0,37.0,0.63,0.63,1.0,0.63,0.6898445595854922

193,60.0,40.0,0.6,0.6,1.0,0.6,0.6893814432989691

194,56.0,44.0,0.56,0.56,1.0,0.56,0.6887179487179487

195,87.0,13.0,0.87,0.87,1.0,0.87,0.6896428571428571

196,88.0,12.0,0.88,0.88,1.0,0.88,0.6906091370558376

197,89.0,11.0,0.89,0.89,1.0,0.89,0.6916161616161616

198,88.0,12.0,0.88,0.88,1.0,0.88,0.6925628140703518

199,94.0,6.0,0.94,0.94,1.0,0.94,0.6938

200,92.0,8.0,0.92,0.92,1.0,0.92,0.6949253731343283

201,92.0,8.0,0.92,0.92,1.0,0.92,0.696039603960396

202,71.0,29.0,0.71,0.71,1.0,0.7100000000000001,0.6961083743842365

203,56.0,44.0,0.56,0.56,1.0,0.56,0.6954411764705882

204,59.0,41.0,0.59,0.59,1.0,0.59,0.6949268292682926

205,53.0,47.0,0.53,0.53,1.0,0.53,0.694126213592233

206,56.0,44.0,0.56,0.56,1.0,0.56,0.6934782608695652

207,64.0,36.0,0.64,0.64,1.0,0.64,0.6932211538461538

208,60.0,40.0,0.6,0.6,1.0,0.6,0.6927751196172249

209,53.0,47.0,0.53,0.53,1.0,0.53,0.692

210,42.0,58.0,0.42,0.42,1.0,0.41999999999999993,0.6907109004739337

211,47.0,53.0,0.47,0.47,1.0,0.47,0.6896698113207547

212,47.0,53.0,0.47,0.47,1.0,0.47,0.6886384976525821

213,40.0,60.0,0.4,0.4,1.0,0.4000000000000001,0.6872897196261682

214,33.0,67.0,0.33,0.33,1.0,0.33,0.6856279069767441

215,35.0,65.0,0.35,0.35,1.0,0.35,0.6840740740740741

216,33.0,67.0,0.33,0.33,1.0,0.33,0.682442396313364

217,57.0,43.0,0.57,0.57,1.0,0.57,0.6819266055045872

218,75.0,25.0,0.75,0.75,1.0,0.75,0.6822374429223744

219,73.0,27.0,0.73,0.73,1.0,0.7299999999999999,0.6824545454545454

220,75.0,25.0,0.75,0.75,1.0,0.75,0.6827601809954751

221,78.0,22.0,0.78,0.78,1.0,0.78,0.6831981981981982

222,72.0,28.0,0.72,0.72,1.0,0.72,0.6833632286995516

223,77.0,23.0,0.77,0.77,1.0,0.7699999999999999,0.68375

224,73.0,27.0,0.73,0.73,1.0,0.7299999999999999,0.6839555555555555

225,58.0,42.0,0.58,0.58,1.0,0.58,0.6834955752212389

226,69.0,31.0,0.69,0.69,1.0,0.69,0.6835242290748899

227,70.0,30.0,0.7,0.7,1.0,0.7,0.6835964912280702

228,60.0,40.0,0.6,0.6,1.0,0.6,0.6832314410480349

229,58.0,42.0,0.58,0.58,1.0,0.58,0.6827826086956522

230,67.0,33.0,0.67,0.67,1.0,0.67,0.6827272727272727

231,66.0,34.0,0.66,0.66,1.0,0.66,0.6826293103448275

232,42.0,58.0,0.42,0.42,1.0,0.41999999999999993,0.6815021459227468

233,31.0,69.0,0.31,0.31,1.0,0.31,0.6799145299145299

234,34.0,66.0,0.34,0.34,1.0,0.34,0.678468085106383

235,34.0,66.0,0.34,0.34,1.0,0.34,0.6770338983050848

236,34.0,66.0,0.34,0.34,1.0,0.34,0.6756118143459916

237,25.0,75.0,0.25,0.25,1.0,0.25,0.6738235294117647

238,38.0,62.0,0.38,0.38,1.0,0.38,0.6725941422594143

239,37.0,63.0,0.37,0.37,1.0,0.37,0.6713333333333333

240,95.0,5.0,0.95,0.95,1.0,0.9500000000000001,0.6724896265560166

241,95.0,5.0,0.95,0.95,1.0,0.9500000000000001,0.6736363636363636

242,95.0,5.0,0.95,0.95,1.0,0.9500000000000001,0.6747736625514403

243,94.0,6.0,0.94,0.94,1.0,0.94,0.6758606557377049

244,97.0,3.0,0.97,0.97,1.0,0.97,0.6770612244897959

245,94.0,6.0,0.94,0.94,1.0,0.94,0.678130081300813

246,98.0,2.0,0.98,0.98,1.0,0.98,0.6793522267206478

247,78.0,22.0,0.78,0.78,1.0,0.78,0.6797580645161291

248,52.0,48.0,0.52,0.52,1.0,0.52,0.6791164658634539

249,48.0,52.0,0.48,0.48,1.0,0.48,0.67832

250,52.0,48.0,0.52,0.52,1.0,0.52,0.6776892430278885

251,61.0,39.0,0.61,0.61,1.0,0.61,0.6774206349206349

252,67.0,33.0,0.67,0.67,1.0,0.67,0.6773913043478261

253,49.0,51.0,0.49,0.49,1.0,0.49,0.6766535433070866

254,57.0,43.0,0.57,0.57,1.0,0.57,0.676235294117647

255,62.0,38.0,0.62,0.62,1.0,0.62,0.676015625

256,57.0,43.0,0.57,0.57,1.0,0.57,0.6756031128404669

257,73.0,27.0,0.73,0.73,1.0,0.7299999999999999,0.6758139534883721

258,63.0,37.0,0.63,0.63,1.0,0.63,0.6756370656370656

259,63.0,37.0,0.63,0.63,1.0,0.63,0.6754615384615384

260,67.0,33.0,0.67,0.67,1.0,0.67,0.6754406130268199

261,66.0,34.0,0.66,0.66,1.0,0.66,0.6753816793893129

262,69.0,31.0,0.69,0.69,1.0,0.69,0.6754372623574144

263,52.0,48.0,0.52,0.52,1.0,0.52,0.6748484848484848

264,72.0,28.0,0.72,0.72,1.0,0.72,0.6750188679245283

265,70.0,30.0,0.7,0.7,1.0,0.7,0.6751127819548872

266,58.0,42.0,0.58,0.58,1.0,0.58,0.6747565543071161

267,67.0,33.0,0.67,0.67,1.0,0.67,0.6747388059701492

268,67.0,33.0,0.67,0.67,1.0,0.67,0.6747211895910781

269,66.0,34.0,0.66,0.66,1.0,0.66,0.6746666666666666

270,81.0,19.0,0.81,0.81,1.0,0.81,0.6751660516605166

271,85.0,15.0,0.85,0.85,1.0,0.85,0.6758088235294117

272,76.0,24.0,0.76,0.76,1.0,0.76,0.6761172161172161

273,82.0,18.0,0.82,0.82,1.0,0.82,0.6766423357664234

274,85.0,15.0,0.85,0.85,1.0,0.85,0.6772727272727272

275,86.0,14.0,0.86,0.86,1.0,0.8599999999999999,0.6779347826086957

276,79.0,21.0,0.79,0.79,1.0,0.79,0.6783393501805054

277,59.0,41.0,0.59,0.59,1.0,0.59,0.678021582733813

278,45.0,55.0,0.45,0.45,1.0,0.45,0.6772043010752689

279,45.0,55.0,0.45,0.45,1.0,0.45,0.6763928571428571

280,55.0,45.0,0.55,0.55,1.0,0.55,0.6759430604982206

281,48.0,52.0,0.48,0.48,1.0,0.48,0.6752482269503546

282,47.0,53.0,0.47,0.47,1.0,0.47,0.6745229681978798

283,50.0,50.0,0.5,0.5,1.0,0.5,0.6739084507042253

284,52.0,48.0,0.52,0.52,1.0,0.52,0.6733684210526316

285,84.0,16.0,0.84,0.84,1.0,0.8399999999999999,0.673951048951049

286,83.0,17.0,0.83,0.83,1.0,0.83,0.6744947735191638

287,84.0,16.0,0.84,0.84,1.0,0.8399999999999999,0.6750694444444445

288,74.0,26.0,0.74,0.74,1.0,0.74,0.6752941176470588

289,74.0,26.0,0.74,0.74,1.0,0.74,0.6755172413793104

290,77.0,23.0,0.77,0.77,1.0,0.7699999999999999,0.6758419243986254

291,84.0,16.0,0.84,0.84,1.0,0.8399999999999999,0.6764041095890411

292,75.0,25.0,0.75,0.75,1.0,0.75,0.6766552901023891

293,61.0,39.0,0.61,0.61,1.0,0.61,0.6764285714285714

294,63.0,37.0,0.63,0.63,1.0,0.63,0.676271186440678

295,69.0,31.0,0.69,0.69,1.0,0.69,0.6763175675675676

296,65.0,35.0,0.65,0.65,1.0,0.65,0.6762289562289562

297,60.0,40.0,0.6,0.6,1.0,0.6,0.6759731543624161

298,67.0,33.0,0.67,0.67,1.0,0.67,0.6759531772575251

299,62.0,38.0,0.62,0.62,1.0,0.62,0.6757666666666666

300,93.0,7.0,0.93,0.93,1.0,0.93,0.6766112956810632

301,93.0,7.0,0.93,0.93,1.0,0.93,0.6774503311258279

302,89.0,11.0,0.89,0.89,1.0,0.89,0.6781518151815181

303,92.0,8.0,0.92,0.92,1.0,0.92,0.6789473684210526

304,88.0,12.0,0.88,0.88,1.0,0.88,0.6796065573770492

305,93.0,7.0,0.93,0.93,1.0,0.93,0.6804248366013071

306,88.0,12.0,0.88,0.88,1.0,0.88,0.6810749185667753

307,92.0,8.0,0.92,0.92,1.0,0.92,0.6818506493506493

308,97.0,3.0,0.97,0.97,1.0,0.97,0.6827831715210356

309,98.0,2.0,0.98,0.98,1.0,0.98,0.683741935483871

310,96.0,4.0,0.96,0.96,1.0,0.96,0.6846302250803858

311,95.0,5.0,0.95,0.95,1.0,0.9500000000000001,0.6854807692307693

312,97.0,3.0,0.97,0.97,1.0,0.97,0.6863897763578275

313,94.0,6.0,0.94,0.94,1.0,0.94,0.6871974522292994

314,97.0,3.0,0.97,0.97,1.0,0.97,0.6880952380952381

315,78.0,22.0,0.78,0.78,1.0,0.78,0.6883860759493671

316,75.0,25.0,0.75,0.75,1.0,0.75,0.6885804416403786

317,66.0,34.0,0.66,0.66,1.0,0.66,0.6884905660377358

318,81.0,19.0,0.81,0.81,1.0,0.81,0.6888714733542319

319,82.0,18.0,0.82,0.82,1.0,0.82,0.68928125

320,74.0,26.0,0.74,0.74,1.0,0.74,0.6894392523364486

321,71.0,29.0,0.71,0.71,1.0,0.7100000000000001,0.6895031055900621

322,81.0,19.0,0.81,0.81,1.0,0.81,0.689876160990712

323,80.0,20.0,0.8,0.8,1.0,0.8000000000000002,0.6902160493827161

324,76.0,24.0,0.76,0.76,1.0,0.76,0.6904307692307692

325,84.0,16.0,0.84,0.84,1.0,0.8399999999999999,0.6908895705521473

326,83.0,17.0,0.83,0.83,1.0,0.83,0.6913149847094802

327,80.0,20.0,0.8,0.8,1.0,0.8000000000000002,0.6916463414634146

328,89.0,11.0,0.89,0.89,1.0,0.89,0.6922492401215805

329,79.0,21.0,0.79,0.79,1.0,0.79,0.6925454545454546

330,36.0,64.0,0.36,0.36,1.0,0.36,0.6915407854984894

331,27.0,73.0,0.27,0.27,1.0,0.27,0.6902710843373494

332,29.0,71.0,0.29,0.29,1.0,0.29,0.6890690690690691

333,34.0,66.0,0.34,0.34,1.0,0.34,0.6880239520958084

334,33.0,67.0,0.33,0.33,1.0,0.33,0.686955223880597

335,26.0,74.0,0.26,0.26,1.0,0.26,0.6856845238095238

336,31.0,69.0,0.31,0.31,1.0,0.31,0.6845697329376854

337,49.0,51.0,0.49,0.49,1.0,0.49,0.6839940828402367

338,79.0,21.0,0.79,0.79,1.0,0.79,0.684306784660767

339,72.0,28.0,0.72,0.72,1.0,0.72,0.6844117647058824

340,71.0,29.0,0.71,0.71,1.0,0.7100000000000001,0.6844868035190615

341,76.0,24.0,0.76,0.76,1.0,0.76,0.6847076023391813

342,78.0,22.0,0.78,0.78,1.0,0.78,0.6849854227405248

343,82.0,18.0,0.82,0.82,1.0,0.82,0.6853779069767442

344,79.0,21.0,0.79,0.79,1.0,0.79,0.6856811594202898

345,89.0,11.0,0.89,0.89,1.0,0.89,0.6862716763005781

346,92.0,8.0,0.92,0.92,1.0,0.92,0.6869452449567723

347,90.0,10.0,0.9,0.9,1.0,0.9,0.6875574712643678

348,97.0,3.0,0.97,0.97,1.0,0.97,0.6883667621776505

349,91.0,9.0,0.91,0.91,1.0,0.91,0.689

350,93.0,7.0,0.93,0.93,1.0,0.93,0.6896866096866097

351,88.0,12.0,0.88,0.88,1.0,0.88,0.6902272727272727

352,89.0,11.0,0.89,0.89,1.0,0.89,0.6907932011331445

353,87.0,13.0,0.87,0.87,1.0,0.87,0.6912994350282485

354,87.0,13.0,0.87,0.87,1.0,0.87,0.6918028169014084

355,89.0,11.0,0.89,0.89,1.0,0.89,0.6923595505617978

356,79.0,21.0,0.79,0.79,1.0,0.79,0.6926330532212885

357,89.0,11.0,0.89,0.89,1.0,0.89,0.6931843575418994

358,86.0,14.0,0.86,0.86,1.0,0.8599999999999999,0.6936490250696379

359,87.0,13.0,0.87,0.87,1.0,0.87,0.6941388888888889

360,78.0,22.0,0.78,0.78,1.0,0.78,0.6943767313019391

361,86.0,14.0,0.86,0.86,1.0,0.8599999999999999,0.6948342541436464

362,90.0,10.0,0.9,0.9,1.0,0.9,0.6953994490358126

363,83.0,17.0,0.83,0.83,1.0,0.83,0.6957692307692308

364,89.0,11.0,0.89,0.89,1.0,0.89,0.6963013698630137

365,91.0,9.0,0.91,0.91,1.0,0.91,0.6968852459016394

366,90.0,10.0,0.9,0.9,1.0,0.9,0.6974386920980926

367,64.0,36.0,0.64,0.64,1.0,0.64,0.6972826086956522

368,52.0,48.0,0.52,0.52,1.0,0.52,0.6968021680216803

369,57.0,43.0,0.57,0.57,1.0,0.57,0.6964594594594594

370,64.0,36.0,0.64,0.64,1.0,0.64,0.6963072776280324

371,63.0,37.0,0.63,0.63,1.0,0.63,0.6961290322580646

372,60.0,40.0,0.6,0.6,1.0,0.6,0.6958713136729222

373,58.0,42.0,0.58,0.58,1.0,0.58,0.6955614973262032

374,54.0,46.0,0.54,0.54,1.0,0.54,0.6951466666666667

375,58.0,42.0,0.58,0.58,1.0,0.58,0.6948404255319149

376,61.0,39.0,0.61,0.61,1.0,0.61,0.6946153846153846

377,58.0,42.0,0.58,0.58,1.0,0.58,0.6943121693121693

378,56.0,44.0,0.56,0.56,1.0,0.56,0.6939577836411609

379,63.0,37.0,0.63,0.63,1.0,0.63,0.6937894736842105

380,52.0,48.0,0.52,0.52,1.0,0.52,0.6933333333333334

381,54.0,46.0,0.54,0.54,1.0,0.54,0.6929319371727749

382,72.0,28.0,0.72,0.72,1.0,0.72,0.6930026109660574

383,92.0,8.0,0.92,0.92,1.0,0.92,0.69359375

384,91.0,9.0,0.91,0.91,1.0,0.91,0.6941558441558442

385,96.0,4.0,0.96,0.96,1.0,0.96,0.6948445595854922

386,94.0,6.0,0.94,0.94,1.0,0.94,0.6954780361757106

387,93.0,7.0,0.93,0.93,1.0,0.93,0.6960824742268041

388,93.0,7.0,0.93,0.93,1.0,0.93,0.6966838046272493

389,100.0,0.0,1.0,1.0,1.0,1.0,0.6974615384615385

390,54.0,46.0,0.54,0.54,1.0,0.54,0.6970588235294117

391,51.0,49.0,0.51,0.51,1.0,0.51,0.6965816326530613

392,59.0,41.0,0.59,0.59,1.0,0.59,0.6963104325699746

393,51.0,49.0,0.51,0.51,1.0,0.51,0.6958375634517766

394,57.0,43.0,0.57,0.57,1.0,0.57,0.6955189873417722

395,50.0,50.0,0.5,0.5,1.0,0.5,0.6950252525252525

396,48.0,52.0,0.48,0.48,1.0,0.48,0.6944836272040302

397,75.0,25.0,0.75,0.75,1.0,0.75,0.6946231155778895

398,88.0,12.0,0.88,0.88,1.0,0.88,0.6950877192982456

399,84.0,16.0,0.84,0.84,1.0,0.8399999999999999,0.69545

400,84.0,16.0,0.84,0.84,1.0,0.8399999999999999,0.6958104738154614

401,88.0,12.0,0.88,0.88,1.0,0.88,0.6962686567164179

402,87.0,13.0,0.87,0.87,1.0,0.87,0.6966997518610422

403,83.0,17.0,0.83,0.83,1.0,0.83,0.697029702970297

404,81.0,19.0,0.81,0.81,1.0,0.81,0.6973086419753086

405,86.0,14.0,0.86,0.86,1.0,0.8599999999999999,0.6977093596059113

406,95.0,5.0,0.95,0.95,1.0,0.9500000000000001,0.6983292383292383

407,86.0,14.0,0.86,0.86,1.0,0.8599999999999999,0.6987254901960784

408,92.0,8.0,0.92,0.92,1.0,0.92,0.6992665036674817

409,84.0,16.0,0.84,0.84,1.0,0.8399999999999999,0.6996097560975609

410,92.0,8.0,0.92,0.92,1.0,0.92,0.7001459854014599

411,87.0,13.0,0.87,0.87,1.0,0.87,0.7005582524271845

412,92.0,8.0,0.92,0.92,1.0,0.92,0.701089588377724

413,85.0,15.0,0.85,0.85,1.0,0.85,0.7014492753623188

414,88.0,12.0,0.88,0.88,1.0,0.88,0.7018795180722892

415,90.0,10.0,0.9,0.9,1.0,0.9,0.7023557692307693

416,89.0,11.0,0.89,0.89,1.0,0.89,0.7028057553956835

417,83.0,17.0,0.83,0.83,1.0,0.83,0.7031100478468899

418,87.0,13.0,0.87,0.87,1.0,0.87,0.703508353221957

419,82.0,18.0,0.82,0.82,1.0,0.82,0.7037857142857142

420,68.0,32.0,0.68,0.68,1.0,0.68,0.703729216152019

421,72.0,28.0,0.72,0.72,1.0,0.72,0.7037677725118483

422,69.0,31.0,0.69,0.69,1.0,0.69,0.7037352245862885

423,79.0,21.0,0.79,0.79,1.0,0.79,0.703938679245283

424,69.0,31.0,0.69,0.69,1.0,0.69,0.7039058823529412

425,76.0,24.0,0.76,0.76,1.0,0.76,0.704037558685446

426,67.0,33.0,0.67,0.67,1.0,0.67,0.7039578454332552

427,66.0,34.0,0.66,0.66,1.0,0.66,0.7038551401869159

428,76.0,24.0,0.76,0.76,1.0,0.76,0.703986013986014

429,81.0,19.0,0.81,0.81,1.0,0.81,0.7042325581395349

430,77.0,23.0,0.77,0.77,1.0,0.7699999999999999,0.704385150812065

431,77.0,23.0,0.77,0.77,1.0,0.7699999999999999,0.7045370370370371

432,85.0,15.0,0.85,0.85,1.0,0.85,0.7048729792147806

433,77.0,23.0,0.77,0.77,1.0,0.7699999999999999,0.7050230414746543

434,77.0,23.0,0.77,0.77,1.0,0.7699999999999999,0.7051724137931035

435,82.0,18.0,0.82,0.82,1.0,0.82,0.7054357798165137

436,79.0,21.0,0.79,0.79,1.0,0.79,0.705629290617849

437,78.0,22.0,0.78,0.78,1.0,0.78,0.7057990867579909

438,83.0,17.0,0.83,0.83,1.0,0.83,0.7060820045558086

439,80.0,20.0,0.8,0.8,1.0,0.8000000000000002,0.7062954545454545

440,82.0,18.0,0.82,0.82,1.0,0.82,0.7065532879818595

441,73.0,27.0,0.73,0.73,1.0,0.7299999999999999,0.7066063348416289

442,76.0,24.0,0.76,0.76,1.0,0.76,0.706726862302483

443,87.0,13.0,0.87,0.87,1.0,0.87,0.7070945945945946

444,84.0,16.0,0.84,0.84,1.0,0.8399999999999999,0.7073932584269663

445,82.0,18.0,0.82,0.82,1.0,0.82,0.7076457399103139

446,84.0,16.0,0.84,0.84,1.0,0.8399999999999999,0.7079418344519016

447,80.0,20.0,0.8,0.8,1.0,0.8000000000000002,0.7081473214285714

448,89.0,11.0,0.89,0.89,1.0,0.89,0.7085523385300668

449,77.0,23.0,0.77,0.77,1.0,0.7699999999999999,0.7086888888888889

450,86.0,14.0,0.86,0.86,1.0,0.8599999999999999,0.7090243902439024

451,84.0,16.0,0.84,0.84,1.0,0.8399999999999999,0.7093141592920355

452,78.0,22.0,0.78,0.78,1.0,0.78,0.7094701986754967

453,79.0,21.0,0.79,0.79,1.0,0.79,0.709647577092511

454,72.0,28.0,0.72,0.72,1.0,0.72,0.7096703296703297

455,80.0,20.0,0.8,0.8,1.0,0.8000000000000002,0.7098684210526316

456,82.0,18.0,0.82,0.82,1.0,0.82,0.710109409190372

457,79.0,21.0,0.79,0.79,1.0,0.79,0.7102838427947599

458,76.0,24.0,0.76,0.76,1.0,0.76,0.7103921568627451

459,74.0,26.0,0.74,0.74,1.0,0.74,0.7104565217391304

460,70.0,30.0,0.7,0.7,1.0,0.7,0.7104338394793926

461,77.0,23.0,0.77,0.77,1.0,0.7699999999999999,0.7105627705627706

462,68.0,32.0,0.68,0.68,1.0,0.68,0.7104967602591793

463,73.0,27.0,0.73,0.73,1.0,0.7299999999999999,0.7105387931034483

464,67.0,33.0,0.67,0.67,1.0,0.67,0.7104516129032258

465,74.0,26.0,0.74,0.74,1.0,0.74,0.7105150214592275

466,84.0,16.0,0.84,0.84,1.0,0.8399999999999999,0.7107922912205568

467,83.0,17.0,0.83,0.83,1.0,0.83,0.7110470085470085

468,79.0,21.0,0.79,0.79,1.0,0.79,0.7112153518123667

469,75.0,25.0,0.75,0.75,1.0,0.75,0.7112978723404255

470,74.0,26.0,0.74,0.74,1.0,0.74,0.7113588110403397

471,80.0,20.0,0.8,0.8,1.0,0.8000000000000002,0.7115466101694915

472,79.0,21.0,0.79,0.79,1.0,0.79,0.7117124735729387

473,93.0,7.0,0.93,0.93,1.0,0.93,0.7121729957805907

474,94.0,6.0,0.94,0.94,1.0,0.94,0.7126526315789473

475,91.0,9.0,0.91,0.91,1.0,0.91,0.7130672268907563

476,96.0,4.0,0.96,0.96,1.0,0.96,0.7135849056603774

477,89.0,11.0,0.89,0.89,1.0,0.89,0.7139539748953975

478,89.0,11.0,0.89,0.89,1.0,0.89,0.714321503131524

479,93.0,7.0,0.93,0.93,1.0,0.93,0.7147708333333334

480,90.0,10.0,0.9,0.9,1.0,0.9,0.7151559251559252

481,80.0,20.0,0.8,0.8,1.0,0.8000000000000002,0.7153319502074689

482,87.0,13.0,0.87,0.87,1.0,0.87,0.7156521739130435

483,88.0,12.0,0.88,0.88,1.0,0.88,0.7159917355371901

484,86.0,14.0,0.86,0.86,1.0,0.8599999999999999,0.7162886597938144

485,89.0,11.0,0.89,0.89,1.0,0.89,0.7166460905349794

486,84.0,16.0,0.84,0.84,1.0,0.8399999999999999,0.7168993839835729

487,88.0,12.0,0.88,0.88,1.0,0.88,0.717233606557377

488,86.0,14.0,0.86,0.86,1.0,0.8599999999999999,0.7175255623721881

489,88.0,12.0,0.88,0.88,1.0,0.88,0.7178571428571429

490,89.0,11.0,0.89,0.89,1.0,0.89,0.7182077393075357

491,89.0,11.0,0.89,0.89,1.0,0.89,0.7185569105691056

492,92.0,8.0,0.92,0.92,1.0,0.92,0.7189655172413794

493,81.0,19.0,0.81,0.81,1.0,0.81,0.7191497975708502

494,87.0,13.0,0.87,0.87,1.0,0.87,0.7194545454545455

495,88.0,12.0,0.88,0.88,1.0,0.88,0.7197782258064516

496,83.0,17.0,0.83,0.83,1.0,0.83,0.72

497,85.0,15.0,0.85,0.85,1.0,0.85,0.7202610441767068

498,87.0,13.0,0.87,0.87,1.0,0.87,0.720561122244489

499,88.0,12.0,0.88,0.88,1.0,0.88,0.72088

500,87.0,13.0,0.87,0.87,1.0,0.87,0.7211776447105789

501,75.0,25.0,0.75,0.75,1.0,0.75,0.7212350597609561

502,74.0,26.0,0.74,0.74,1.0,0.74,0.721272365805169

503,71.0,29.0,0.71,0.71,1.0,0.7100000000000001,0.72125

504,63.0,37.0,0.63,0.63,1.0,0.63,0.721069306930693

505,63.0,37.0,0.63,0.63,1.0,0.63,0.7208893280632411

506,62.0,38.0,0.62,0.62,1.0,0.62,0.7206903353057199

507,60.0,40.0,0.6,0.6,1.0,0.6,0.7204527559055118

508,60.0,40.0,0.6,0.6,1.0,0.6,0.7202161100196464

509,70.0,30.0,0.7,0.7,1.0,0.7,0.7201764705882353

510,92.0,8.0,0.92,0.92,1.0,0.92,0.7205675146771037

511,94.0,6.0,0.94,0.94,1.0,0.94,0.72099609375

512,93.0,7.0,0.93,0.93,1.0,0.93,0.7214035087719298

513,85.0,15.0,0.85,0.85,1.0,0.85,0.7216536964980544

514,92.0,8.0,0.92,0.92,1.0,0.92,0.7220388349514563

515,89.0,11.0,0.89,0.89,1.0,0.89,0.7223643410852714

516,94.0,6.0,0.94,0.94,1.0,0.94,0.7227852998065764

517,87.0,13.0,0.87,0.87,1.0,0.87,0.723069498069498

518,78.0,22.0,0.78,0.78,1.0,0.78,0.7231791907514451

519,79.0,21.0,0.79,0.79,1.0,0.79,0.7233076923076923

520,84.0,16.0,0.84,0.84,1.0,0.8399999999999999,0.723531669865643

521,77.0,23.0,0.77,0.77,1.0,0.7699999999999999,0.7236206896551725

522,78.0,22.0,0.78,0.78,1.0,0.78,0.7237284894837476

523,77.0,23.0,0.77,0.77,1.0,0.7699999999999999,0.7238167938931298

524,74.0,26.0,0.74,0.74,1.0,0.74,0.7238476190476191

525,93.0,7.0,0.93,0.93,1.0,0.93,0.7242395437262358

526,98.0,2.0,0.98,0.98,1.0,0.98,0.7247248576850095

527,88.0,12.0,0.88,0.88,1.0,0.88,0.7250189393939394

528,94.0,6.0,0.94,0.94,1.0,0.94,0.7254253308128544

529,92.0,8.0,0.92,0.92,1.0,0.92,0.7257924528301887

530,89.0,11.0,0.89,0.89,1.0,0.89,0.7261016949152542

531,94.0,6.0,0.94,0.94,1.0,0.94,0.7265037593984962

532,91.0,9.0,0.91,0.91,1.0,0.91,0.7268480300187617

533,99.0,1.0,0.99,0.99,1.0,0.99,0.7273408239700374

534,99.0,1.0,0.99,0.99,1.0,0.99,0.7278317757009346

535,96.0,4.0,0.96,0.96,1.0,0.96,0.7282649253731344

536,100.0,0.0,1.0,1.0,1.0,1.0,0.7287709497206704

537,98.0,2.0,0.98,0.98,1.0,0.98,0.7292379182156133

538,99.0,1.0,0.99,0.99,1.0,0.99,0.7297217068645641

539,97.0,3.0,0.97,0.97,1.0,0.97,0.7301666666666666

540,72.0,28.0,0.72,0.72,1.0,0.72,0.7301478743068391

541,85.0,15.0,0.85,0.85,1.0,0.85,0.7303690036900369

542,82.0,18.0,0.82,0.82,1.0,0.82,0.7305340699815838

543,85.0,15.0,0.85,0.85,1.0,0.85,0.7307536764705882

544,84.0,16.0,0.84,0.84,1.0,0.8399999999999999,0.730954128440367

545,84.0,16.0,0.84,0.84,1.0,0.8399999999999999,0.7311538461538462

546,79.0,21.0,0.79,0.79,1.0,0.79,0.7312614259597806

547,80.0,20.0,0.8,0.8,1.0,0.8000000000000002,0.7313868613138687

548,88.0,12.0,0.88,0.88,1.0,0.88,0.7316575591985428

549,87.0,13.0,0.87,0.87,1.0,0.87,0.731909090909091

550,84.0,16.0,0.84,0.84,1.0,0.8399999999999999,0.7321052631578947

551,82.0,18.0,0.82,0.82,1.0,0.82,0.7322644927536232

552,79.0,21.0,0.79,0.79,1.0,0.79,0.7323688969258589

553,79.0,21.0,0.79,0.79,1.0,0.79,0.7324729241877256

554,87.0,13.0,0.87,0.87,1.0,0.87,0.7327207207207207

555,81.0,19.0,0.81,0.81,1.0,0.81,0.7328597122302158

556,87.0,13.0,0.87,0.87,1.0,0.87,0.7331059245960503

557,88.0,12.0,0.88,0.88,1.0,0.88,0.7333691756272401

558,89.0,11.0,0.89,0.89,1.0,0.89,0.7336493738819321

559,82.0,18.0,0.82,0.82,1.0,0.82,0.7338035714285714

560,90.0,10.0,0.9,0.9,1.0,0.9,0.7340998217468806

561,88.0,12.0,0.88,0.88,1.0,0.88,0.7343594306049822

562,85.0,15.0,0.85,0.85,1.0,0.85,0.7345648312611013

563,77.0,23.0,0.77,0.77,1.0,0.7699999999999999,0.7346276595744681

564,87.0,13.0,0.87,0.87,1.0,0.87,0.7348672566371681

565,82.0,18.0,0.82,0.82,1.0,0.82,0.7350176678445229

566,91.0,9.0,0.91,0.91,1.0,0.91,0.735326278659612

567,86.0,14.0,0.86,0.86,1.0,0.8599999999999999,0.7355457746478873

568,83.0,17.0,0.83,0.83,1.0,0.83,0.7357117750439367

569,87.0,13.0,0.87,0.87,1.0,0.87,0.7359473684210527

570,82.0,18.0,0.82,0.82,1.0,0.82,0.7360945709281962

571,67.0,33.0,0.67,0.67,1.0,0.67,0.735979020979021

572,80.0,20.0,0.8,0.8,1.0,0.8000000000000002,0.7360907504363001

573,78.0,22.0,0.78,0.78,1.0,0.78,0.7361672473867595

574,80.0,20.0,0.8,0.8,1.0,0.8000000000000002,0.7362782608695653

575,76.0,24.0,0.76,0.76,1.0,0.76,0.7363194444444444

576,77.0,23.0,0.77,0.77,1.0,0.7699999999999999,0.7363778162911612

577,69.0,31.0,0.69,0.69,1.0,0.69,0.7362975778546713

578,65.0,35.0,0.65,0.65,1.0,0.65,0.7361485319516408

579,76.0,24.0,0.76,0.76,1.0,0.76,0.7361896551724137

580,66.0,34.0,0.66,0.66,1.0,0.66,0.7360585197934596

581,69.0,31.0,0.69,0.69,1.0,0.69,0.735979381443299

582,64.0,36.0,0.64,0.64,1.0,0.64,0.7358147512864494

583,67.0,33.0,0.67,0.67,1.0,0.67,0.7357020547945206

584,71.0,29.0,0.71,0.71,1.0,0.7100000000000001,0.7356581196581197

585,70.0,30.0,0.7,0.7,1.0,0.7,0.7355972696245734

586,77.0,23.0,0.77,0.77,1.0,0.7699999999999999,0.7356558773424191

587,76.0,24.0,0.76,0.76,1.0,0.76,0.7356972789115647

588,71.0,29.0,0.71,0.71,1.0,0.7100000000000001,0.7356536502546689

589,68.0,32.0,0.68,0.68,1.0,0.68,0.7355593220338983

590,71.0,29.0,0.71,0.71,1.0,0.7100000000000001,0.7355160744500846

591,64.0,36.0,0.64,0.64,1.0,0.64,0.7353547297297297

592,69.0,31.0,0.69,0.69,1.0,0.69,0.7352782462057336

593,65.0,35.0,0.65,0.65,1.0,0.65,0.7351346801346801

594,64.0,36.0,0.64,0.64,1.0,0.64,0.7349747899159664

595,62.0,38.0,0.62,0.62,1.0,0.62,0.7347818791946309

596,72.0,28.0,0.72,0.72,1.0,0.72,0.7347571189279732

597,63.0,37.0,0.63,0.63,1.0,0.63,0.7345819397993311

598,66.0,34.0,0.66,0.66,1.0,0.66,0.734457429048414

599,65.0,35.0,0.65,0.65,1.0,0.65,0.7343166666666666

600,80.0,20.0,0.8,0.8,1.0,0.8000000000000002,0.7344259567387688

601,76.0,24.0,0.76,0.76,1.0,0.76,0.734468438538206

602,76.0,24.0,0.76,0.76,1.0,0.76,0.7345107794361526

603,82.0,18.0,0.82,0.82,1.0,0.82,0.7346523178807947

604,83.0,17.0,0.83,0.83,1.0,0.83,0.7348099173553719

605,76.0,24.0,0.76,0.76,1.0,0.76,0.7348514851485148

606,84.0,16.0,0.84,0.84,1.0,0.8399999999999999,0.7350247116968699

607,69.0,31.0,0.69,0.69,1.0,0.69,0.7349506578947368

608,79.0,21.0,0.79,0.79,1.0,0.79,0.7350410509031199

609,81.0,19.0,0.81,0.81,1.0,0.81,0.7351639344262295

610,79.0,21.0,0.79,0.79,1.0,0.79,0.735253682487725

611,74.0,26.0,0.74,0.74,1.0,0.74,0.7352614379084967

612,79.0,21.0,0.79,0.79,1.0,0.79,0.7353507340946166

613,82.0,18.0,0.82,0.82,1.0,0.82,0.7354885993485342

614,71.0,29.0,0.71,0.71,1.0,0.7100000000000001,0.7354471544715447

615,90.0,10.0,0.9,0.9,1.0,0.9,0.7357142857142858

616,93.0,7.0,0.93,0.93,1.0,0.93,0.7360291734197731

617,95.0,5.0,0.95,0.95,1.0,0.9500000000000001,0.7363754045307443

618,89.0,11.0,0.89,0.89,1.0,0.89,0.7366235864297254

619,86.0,14.0,0.86,0.86,1.0,0.8599999999999999,0.7368225806451613

620,92.0,8.0,0.92,0.92,1.0,0.92,0.7371175523349437

621,92.0,8.0,0.92,0.92,1.0,0.92,0.737411575562701

622,88.0,12.0,0.88,0.88,1.0,0.88,0.7376404494382023

623,86.0,14.0,0.86,0.86,1.0,0.8599999999999999,0.7378365384615385

624,77.0,23.0,0.77,0.77,1.0,0.7699999999999999,0.737888

625,87.0,13.0,0.87,0.87,1.0,0.87,0.7380990415335463

626,87.0,13.0,0.87,0.87,1.0,0.87,0.7383094098883572

627,84.0,16.0,0.84,0.84,1.0,0.8399999999999999,0.7384713375796178

628,84.0,16.0,0.84,0.84,1.0,0.8399999999999999,0.7386327503974562

629,89.0,11.0,0.89,0.89,1.0,0.89,0.7388730158730159

630,56.0,44.0,0.56,0.56,1.0,0.56,0.7385895404120444

631,43.0,57.0,0.43,0.43,1.0,0.42999999999999994,0.7381012658227848

632,63.0,37.0,0.63,0.63,1.0,0.63,0.7379304897314376

633,54.0,46.0,0.54,0.54,1.0,0.54,0.7376182965299685

634,58.0,42.0,0.58,0.58,1.0,0.58,0.7373700787401575

635,51.0,49.0,0.51,0.51,1.0,0.51,0.7370125786163522

636,54.0,46.0,0.54,0.54,1.0,0.54,0.7367032967032967

637,59.0,41.0,0.59,0.59,1.0,0.59,0.7364733542319749

638,57.0,43.0,0.57,0.57,1.0,0.57,0.7362128325508607

639,58.0,42.0,0.58,0.58,1.0,0.58,0.73596875

640,50.0,50.0,0.5,0.5,1.0,0.5,0.735600624024961

641,59.0,41.0,0.59,0.59,1.0,0.59,0.7353738317757009

642,53.0,47.0,0.53,0.53,1.0,0.53,0.735054432348367

643,51.0,49.0,0.51,0.51,1.0,0.51,0.7347049689440994

644,65.0,35.0,0.65,0.65,1.0,0.65,0.7345736434108527

645,85.0,15.0,0.85,0.85,1.0,0.85,0.7347523219814242

646,93.0,7.0,0.93,0.93,1.0,0.93,0.7350540958268934

647,95.0,5.0,0.95,0.95,1.0,0.9500000000000001,0.7353858024691358

648,97.0,3.0,0.97,0.97,1.0,0.97,0.7357473035439137

649,92.0,8.0,0.92,0.92,1.0,0.92,0.7360307692307693

650,91.0,9.0,0.91,0.91,1.0,0.91,0.7362980030721966

651,92.0,8.0,0.92,0.92,1.0,0.92,0.736579754601227

652,80.0,20.0,0.8,0.8,1.0,0.8000000000000002,0.736676875957121

653,67.0,33.0,0.67,0.67,1.0,0.67,0.7365749235474006

654,69.0,31.0,0.69,0.69,1.0,0.69,0.7365038167938931

655,65.0,35.0,0.65,0.65,1.0,0.65,0.7363719512195122

656,71.0,29.0,0.71,0.71,1.0,0.7100000000000001,0.7363318112633181

657,67.0,33.0,0.67,0.67,1.0,0.67,0.7362310030395137

658,75.0,25.0,0.75,0.75,1.0,0.75,0.7362518968133536

659,74.0,26.0,0.74,0.74,1.0,0.74,0.7362575757575758

660,7.0,93.0,0.07,0.07,1.0,0.07,0.735249621785174

661,7.0,93.0,0.07,0.07,1.0,0.07,0.7342447129909365

662,8.0,92.0,0.08,0.08,1.0,0.08,0.7332579185520361

663,9.0,91.0,0.09,0.09,1.0,0.09,0.7322891566265061

664,7.0,93.0,0.07,0.07,1.0,0.07,0.7312932330827068

665,12.0,88.0,0.12,0.12,1.0,0.12,0.7303753753753753

666,5.0,95.0,0.05,0.05,1.0,0.05000000000000001,0.7293553223388306

667,43.0,57.0,0.43,0.43,1.0,0.42999999999999994,0.7289071856287425

668,86.0,14.0,0.86,0.86,1.0,0.8599999999999999,0.7291031390134529

669,89.0,11.0,0.89,0.89,1.0,0.89,0.7293432835820896

670,91.0,9.0,0.91,0.91,1.0,0.91,0.7296125186289121

671,81.0,19.0,0.81,0.81,1.0,0.81,0.7297321428571428

672,84.0,16.0,0.84,0.84,1.0,0.8399999999999999,0.7298959881129272

673,83.0,17.0,0.83,0.83,1.0,0.83,0.7300445103857567

674,84.0,16.0,0.84,0.84,1.0,0.8399999999999999,0.7302074074074074

675,46.0,54.0,0.46,0.46,1.0,0.46,0.7298076923076923

676,47.0,53.0,0.47,0.47,1.0,0.47,0.729423929098966

677,48.0,52.0,0.48,0.48,1.0,0.48,0.7290560471976402

678,56.0,44.0,0.56,0.56,1.0,0.56,0.7288070692194404

679,43.0,57.0,0.43,0.43,1.0,0.42999999999999994,0.7283676470588235

680,49.0,51.0,0.49,0.49,1.0,0.49,0.7280176211453745

681,51.0,49.0,0.51,0.51,1.0,0.51,0.7276979472140762

682,64.0,36.0,0.64,0.64,1.0,0.64,0.7275695461200585

683,88.0,12.0,0.88,0.88,1.0,0.88,0.7277923976608187

684,93.0,7.0,0.93,0.93,1.0,0.93,0.728087591240876

685,89.0,11.0,0.89,0.89,1.0,0.89,0.7283236151603498

686,88.0,12.0,0.88,0.88,1.0,0.88,0.7285443959243086

687,88.0,12.0,0.88,0.88,1.0,0.88,0.728764534883721

688,88.0,12.0,0.88,0.88,1.0,0.88,0.7289840348330915

689,93.0,7.0,0.93,0.93,1.0,0.93,0.7292753623188406

690,75.0,25.0,0.75,0.75,1.0,0.75,0.7293053545586107

691,71.0,29.0,0.71,0.71,1.0,0.7100000000000001,0.7292774566473988

692,76.0,24.0,0.76,0.76,1.0,0.76,0.7293217893217894

693,78.0,22.0,0.78,0.78,1.0,0.78,0.7293948126801153

694,71.0,29.0,0.71,0.71,1.0,0.7100000000000001,0.7293669064748202

695,71.0,29.0,0.71,0.71,1.0,0.7100000000000001,0.7293390804597701

696,86.0,14.0,0.86,0.86,1.0,0.8599999999999999,0.7295265423242467

697,85.0,15.0,0.85,0.85,1.0,0.85,0.7296991404011461

698,83.0,17.0,0.83,0.83,1.0,0.83,0.7298426323319027

699,80.0,20.0,0.8,0.8,1.0,0.8000000000000002,0.7299428571428571

700,82.0,18.0,0.82,0.82,1.0,0.82,0.7300713266761769

701,80.0,20.0,0.8,0.8,1.0,0.8000000000000002,0.7301709401709402

702,81.0,19.0,0.81,0.81,1.0,0.81,0.7302844950213371

703,75.0,25.0,0.75,0.75,1.0,0.75,0.7303125

704,82.0,18.0,0.82,0.82,1.0,0.82,0.7304397163120567

705,67.0,33.0,0.67,0.67,1.0,0.67,0.7303541076487252

706,59.0,41.0,0.59,0.59,1.0,0.59,0.7301555869872701

707,63.0,37.0,0.63,0.63,1.0,0.63,0.7300141242937853

708,66.0,34.0,0.66,0.66,1.0,0.66,0.7299153737658675

709,66.0,34.0,0.66,0.66,1.0,0.66,0.7298169014084507

710,65.0,35.0,0.65,0.65,1.0,0.65,0.729704641350211

711,69.0,31.0,0.69,0.69,1.0,0.69,0.7296488764044944

712,77.0,23.0,0.77,0.77,1.0,0.7699999999999999,0.7297054698457223

713,80.0,20.0,0.8,0.8,1.0,0.8000000000000002,0.7298039215686275

714,89.0,11.0,0.89,0.89,1.0,0.89,0.730027972027972

715,76.0,24.0,0.76,0.76,1.0,0.76,0.7300698324022347

716,79.0,21.0,0.79,0.79,1.0,0.79,0.7301534170153418

717,84.0,16.0,0.84,0.84,1.0,0.8399999999999999,0.7303064066852367

718,82.0,18.0,0.82,0.82,1.0,0.82,0.7304311543810849

719,88.0,12.0,0.88,0.88,1.0,0.88,0.7306388888888888

720,65.0,35.0,0.65,0.65,1.0,0.65,0.7305270457697642

721,60.0,40.0,0.6,0.6,1.0,0.6,0.7303462603878116

722,68.0,32.0,0.68,0.68,1.0,0.68,0.7302766251728907

723,64.0,36.0,0.64,0.64,1.0,0.64,0.7301519337016574

724,65.0,35.0,0.65,0.65,1.0,0.65,0.7300413793103449

725,55.0,45.0,0.55,0.55,1.0,0.55,0.729793388429752

726,71.0,29.0,0.71,0.71,1.0,0.7100000000000001,0.7297661623108666

727,73.0,27.0,0.73,0.73,1.0,0.7299999999999999,0.7297664835164835

728,74.0,26.0,0.74,0.74,1.0,0.74,0.7297805212620028

729,76.0,24.0,0.76,0.76,1.0,0.76,0.7298219178082191

730,74.0,26.0,0.74,0.74,1.0,0.74,0.7298358413132695

731,82.0,18.0,0.82,0.82,1.0,0.82,0.7299590163934426

732,72.0,28.0,0.72,0.72,1.0,0.72,0.7299454297407912

733,78.0,22.0,0.78,0.78,1.0,0.78,0.7300136239782017

734,80.0,20.0,0.8,0.8,1.0,0.8000000000000002,0.730108843537415

735,88.0,12.0,0.88,0.88,1.0,0.88,0.7303125

736,80.0,20.0,0.8,0.8,1.0,0.8000000000000002,0.7304070556309362

737,80.0,20.0,0.8,0.8,1.0,0.8000000000000002,0.7305013550135502

738,77.0,23.0,0.77,0.77,1.0,0.7699999999999999,0.7305548037889039

739,76.0,24.0,0.76,0.76,1.0,0.76,0.7305945945945946

740,82.0,18.0,0.82,0.82,1.0,0.82,0.7307152496626181

741,84.0,16.0,0.84,0.84,1.0,0.8399999999999999,0.7308625336927224

742,74.0,26.0,0.74,0.74,1.0,0.74,0.7308748317631225

743,83.0,17.0,0.83,0.83,1.0,0.83,0.731008064516129

744,82.0,18.0,0.82,0.82,1.0,0.82,0.7311275167785235

745,84.0,16.0,0.84,0.84,1.0,0.8399999999999999,0.7312734584450402

746,79.0,21.0,0.79,0.79,1.0,0.79,0.7313520749665328

747,75.0,25.0,0.75,0.75,1.0,0.75,0.7313770053475935

748,85.0,15.0,0.85,0.85,1.0,0.85,0.7315353805073431

749,83.0,17.0,0.83,0.83,1.0,0.83,0.7316666666666667

750,91.0,9.0,0.91,0.91,1.0,0.91,0.7319041278295606

751,93.0,7.0,0.93,0.93,1.0,0.93,0.7321675531914894

752,89.0,11.0,0.89,0.89,1.0,0.89,0.7323771580345285

753,95.0,5.0,0.95,0.95,1.0,0.9500000000000001,0.7326657824933687

754,92.0,8.0,0.92,0.92,1.0,0.92,0.7329139072847682

755,91.0,9.0,0.91,0.91,1.0,0.91,0.7331481481481481

756,91.0,9.0,0.91,0.91,1.0,0.91,0.7333817701453105

